Metasploit,5.196.213.25,3790,MetasploitSelfSignedCA,,OVH SAS
Metasploit,27.122.57.170,3790,MetasploitSelfSignedCA,,IPTelecom Hong Kong Network
Metasploit,119.91.120.76,3790,MetasploitSelfSignedCA,,Tencent cloud computing (Beijing) Co., Ltd.
Metasploit,35.231.10.100,3790,MetasploitSelfSignedCA,,Google LLC
Metasploit,52.188.13.228,3790,MetasploitSelfSignedCA,,Microsoft Corporation
Metasploit,47.103.192.104,3790,MetasploitSelfSignedCA,,Aliyun Computing Co., LTD
Metasploit,190.14.159.20,3790,MetasploitSelfSignedCA,,TELCOCOM
Metasploit,207.148.80.171,3790,MetasploitSelfSignedCA,,The Constant Company, LLC
Metasploit,216.105.171.220,3790,MetasploitSelfSignedCA,,Dedicated.com
Metasploit,104.131.46.55,3790,MetasploitSelfSignedCA,,DigitalOcean, LLC
Metasploit,1.15.234.73,3790,MetasploitSelfSignedCA,,Tencent cloud computing (Beijing) Co., Ltd.
Metasploit,216.105.171.222,3790,MetasploitSelfSignedCA,,Dedicated.com
Metasploit,172.96.166.106,3790,MetasploitSelfSignedCA,,Dedicated.com
Metasploit,66.228.51.50,3790,MetasploitSelfSignedCA,,Linode
Metasploit,178.238.228.29,3790,MetasploitSelfSignedCA,,Contabo GmbH
Metasploit,176.160.156.24,3790,MetasploitSelfSignedCA,,Bouygues Telecom Division Mobile
Metasploit,101.43.158.173,3790,MetasploitSelfSignedCA,,Tencent Cloud Computing (Beijing) Co., Ltd
Metasploit,23.94.14.254,3790,MetasploitSelfSignedCA,,ColoCrossing
Metasploit,103.53.192.90,3790,MetasploitSelfSignedCA,,PT Maxindo Content Solution
Metasploit,8.141.63.65,3790,MetasploitSelfSignedCA,,Aliyun Computing Co.LTD
Metasploit,134.195.14.36,3790,MetasploitSelfSignedCA,,Hyper Expert, LLC
Metasploit,116.204.211.193,443,MetasploitSelfSignedCA,nginx,
Metasploit,47.87.173.136,3790,MetasploitSelfSignedCA,,Alibaba.com LLC
Metasploit,44.197.227.223,3790,MetasploitSelfSignedCA,,Amazon Data Services NoVa
Metasploit,172.96.166.109,3790,MetasploitSelfSignedCA,,Dedicated.com
Metasploit,110.173.59.58,3790,MetasploitSelfSignedCA,,Asia Pacific Network Information Centre
Metasploit,154.12.231.217,3790,MetasploitSelfSignedCA,,Contabo Inc
Metasploit,45.142.215.143,3790,MetasploitSelfSignedCA,,STARK INDUSTRIES SOLUTIONS LTD
Metasploit,193.168.7.41,3790,MetasploitSelfSignedCA,,Thinxx GmbH
Metasploit,119.29.67.188,3790,MetasploitSelfSignedCA,,Tencent cloud computing (Beijing) Co., Ltd.
Metasploit,20.205.35.52,3790,MetasploitSelfSignedCA,,Microsoft Corporation
Metasploit,185.10.228.203,3790,MetasploitSelfSignedCA,,Softlayer Corporate C
Metasploit,152.89.247.94,3790,MetasploitSelfSignedCA,,combahton GmbH
Metasploit,3.12.91.21,3790,MetasploitSelfSignedCA,,Amazon Technologies Inc.
Metasploit,185.146.232.82,3790,MetasploitSelfSignedCA,,Flokinet Ltd
Metasploit,203.95.193.100,3790,MetasploitSelfSignedCA,,TISP LIMITED
Metasploit,77.88.193.133,3790,MetasploitSelfSignedCA,,Ante Mediam LLC
Metasploit,46.30.189.95,3790,MetasploitSelfSignedCA,,Crowncloud
Metasploit,206.189.76.150,3790,MetasploitSelfSignedCA,,DigitalOcean, LLC
Metasploit,5.196.213.204,3790,MetasploitSelfSignedCA,,OVH SAS
Metasploit,45.63.86.203,3790,MetasploitSelfSignedCA,,Vultr Holdings, LLC
Metasploit,173.249.15.168,3790,MetasploitSelfSignedCA,,Contabo GmbH
Metasploit,3.110.145.189,3790,MetasploitSelfSignedCA,,Amazon Data Services India
Metasploit,51.77.245.133,3790,MetasploitSelfSignedCA,,OVH SAS
Metasploit,3.108.226.56,3790,MetasploitSelfSignedCA,,Amazon Data Services India
Metasploit,68.183.212.49,3790,MetasploitSelfSignedCA,,DigitalOcean, LLC
Metasploit,141.164.37.14,3790,MetasploitSelfSignedCA,,The Constant Company, LLC
Metasploit,15.207.105.226,3790,MetasploitSelfSignedCA,,Amazon Data Services India
Metasploit,194.59.40.10,3790,MetasploitSelfSignedCA,,Teleport LLC
Metasploit,13.234.10.59,3790,MetasploitSelfSignedCA,,Amazon Data Services India
Metasploit,193.29.13.203,3790,MetasploitSelfSignedCA,,Bunea TELECOM SRL
Metasploit,121.5.153.149,3790,MetasploitSelfSignedCA,,Tencent cloud computing (Beijing) Co., Ltd.
Metasploit,194.233.90.144,3790,MetasploitSelfSignedCA,,Contabo Asia Private Limited
Metasploit,137.184.111.53,3790,MetasploitSelfSignedCA,,DigitalOcean, LLC
Metasploit,46.32.232.169,3790,MetasploitSelfSignedCA,,VPS-123
Metasploit,45.14.224.89,3790,MetasploitSelfSignedCA,,SpectraIP B.V.
Metasploit,50.31.0.96,3790,MetasploitSelfSignedCA,,Steadfast
Metasploit,120.79.161.221,3790,MetasploitSelfSignedCA,,Aliyun Computing Co., LTD
Metasploit,27.124.45.38,3790,MetasploitSelfSignedCA,,CTG Server Ltd.
Metasploit,94.103.88.132,3790,MetasploitSelfSignedCA,,VDSINA VDS Hosting
Metasploit,23.234.239.229,3790,MetasploitSelfSignedCA,,MULTACOM CORPORATION
Metasploit,45.66.151.203,3790,MetasploitSelfSignedCA,,MB Ricarta
Metasploit,212.118.8.147,3790,MetasploitSelfSignedCA,,Batelco Jordan
Metasploit,38.87.198.170,3790,MetasploitSelfSignedCA,,CloudShare, Ltd.
Metasploit,89.185.85.194,3790,MetasploitSelfSignedCA,,AEZA GROUP Ltd
Metasploit,13.234.14.6,3790,MetasploitSelfSignedCA,,Amazon Data Services India
Metasploit,142.79.230.133,3790,MetasploitSelfSignedCA,,Netmagic IT Services Pvt Ltd
Metasploit,188.68.229.50,3790,MetasploitSelfSignedCA,,Sprint Data Center Customer
Metasploit,52.138.143.143,3790,MetasploitSelfSignedCA,,Microsoft Corporation
Metasploit,65.2.138.101,3790,MetasploitSelfSignedCA,,Amazon Data Services India
Metasploit,193.29.56.32,3790,MetasploitSelfSignedCA,,GWY IT PTY LTD
Metasploit,65.0.251.162,3790,MetasploitSelfSignedCA,,Amazon Data Services India
Metasploit,5.253.84.230,3790,MetasploitSelfSignedCA,,HostSlick Dedicated Servers
Metasploit,156.54.4.10,3790,MetasploitSelfSignedCA,,webservers   DPTSRL
Metasploit,193.134.209.59,3790,MetasploitSelfSignedCA,,Cloudco LLC
Metasploit,15.207.104.8,3790,MetasploitSelfSignedCA,,Amazon Data Services India
Metasploit,65.0.65.248,3790,MetasploitSelfSignedCA,,Amazon Data Services India
Metasploit,13.234.135.58,3790,MetasploitSelfSignedCA,,Amazon Data Services India
Metasploit,101.255.92.147,3790,MetasploitSelfSignedCA,,PT Remala Abadi
Metasploit,207.180.201.51,3790,MetasploitSelfSignedCA,,Contabo GmbH
Metasploit,141.164.56.105,3790,MetasploitSelfSignedCA,,The Constant Company, LLC
Metasploit,51.68.214.249,3790,MetasploitSelfSignedCA,,OVH Ltd
Metasploit,65.0.123.174,3790,MetasploitSelfSignedCA,,Amazon Data Services India
Metasploit,115.220.9.22,3790,MetasploitSelfSignedCA,,CHINANET-ZJ Ningbo node network
Metasploit,3.110.25.170,3790,MetasploitSelfSignedCA,,Amazon Data Services India
Metasploit,5.187.4.96,3790,MetasploitSelfSignedCA,,www.fornex.com, Fornex Hosting S.L.
Metasploit,92.38.178.236,3790,MetasploitSelfSignedCA,,G-Core Labs S.A.
Metasploit,65.1.121.8,3790,MetasploitSelfSignedCA,,Amazon Data Services India
Metasploit,185.161.210.14,3790,MetasploitSelfSignedCA,,Zemlyaniy Dmitro Leonidovich
Metasploit,101.43.186.153,3790,MetasploitSelfSignedCA,,Tencent Cloud Computing (Beijing) Co., Ltd
Metasploit,124.221.138.137,3790,MetasploitSelfSignedCA,,Tencent cloud computing (Beijing) Co., Ltd.
Metasploit,217.114.222.12,3790,MetasploitSelfSignedCA,,Hellserver IP Network
Metasploit,52.66.216.6,3790,MetasploitSelfSignedCA,,Amazon Data Services India
Metasploit,3.110.198.193,3790,MetasploitSelfSignedCA,,Amazon Data Services India
Metasploit,89.234.181.148,3790,MetasploitSelfSignedCA,,Association PulseHeberg IPv4 Network
Metasploit,119.91.158.254,3790,MetasploitSelfSignedCA,,Tencent cloud computing (Beijing) Co., Ltd.
Metasploit,121.4.50.245,3790,MetasploitSelfSignedCA,,Tencent cloud computing (Beijing) Co., Ltd.
Metasploit,81.69.189.231,3790,MetasploitSelfSignedCA,,Tencent Cloud Computing (Beijing) Co., Ltd
Metasploit,46.19.33.254,3790,MetasploitSelfSignedCA,,Tilaa
