Mythic,188.213.5.238,7443,,Mythic,GINERNET S.L.
Mythic,173.255.226.84,7443,,Mythic,Linode
Mythic,185.173.34.42,7443,,Mythic,DR-SOFT-SRL
Mythic,139.144.19.118,7443,,Mythic,Linode
Mythic,139.59.249.255,7443,,Mythic,Digital Ocean, Inc.
Mythic,103.134.19.126,7443,,Mythic,PT. Waluya Istana Nusantara
Mythic,3.212.113.251,7443,,Mythic,Amazon Data Services NoVa
Mythic,54.173.67.191,7443,,,Amazon Technologies Inc.
Mythic,134.0.116.185,7443,,,Reg.Ru Hosting
Mythic,173.82.110.148,7443,,,MULTACOM CORPORATION
Mythic,18.156.197.101,7443,,,A100 ROW GmbH
Mythic,142.44.129.32,7443,,,OVH Hosting, Inc.
Mythic,54.180.25.135,7443,,,AWS Asia Pacific (Seoul) Region
Mythic,167.88.180.75,7443,,,2EZ Network Inc.
Mythic,59.110.169.183,7443,,,Aliyun Computing Co., LTD
Mythic,157.230.93.100,7443,,,DigitalOcean, LLC
Mythic,20.97.116.145,7443,,,Microsoft Corporation
Mythic,52.79.54.36,7443,,,AWS Asia Pacific (Seoul) Region
Mythic,145.239.197.84,7443,,,OVH SAS
Mythic,207.148.5.58,7443,,,Vultr Holdings, LLC
Mythic,109.248.6.212,7443,,,Delta Ltd
Mythic,66.29.155.178,7443,,,Namecheap, Inc.
Mythic,38.242.229.200,7443,,,Cogent Communications
Mythic,66.228.45.170,7443,,,Linode
Mythic,160.20.147.34,7443,,,combahton GmbH
Mythic,205.126.0.212,7443,,,Utah Education Network
Mythic,34.150.132.170,7443,,,Google LLC
